INSERT INTO `pays` (`id_pays`, `nom_pays`) VALUES (1, 'Maroc');


INSERT INTO `villes` (`id_ville`, `nom_ville`, `pays_id_pays`) VALUES (1, 'Aïn Harrouda', 1);
INSERT INTO `villes` (`id_ville`, `nom_ville`, `pays_id_pays`) VALUES (2, 'Ben Yakhlef', 1);
INSERT INTO `villes` (`id_ville`, `nom_ville`, `pays_id_pays`) VALUES (3, 'Bouskoura', 1);
INSERT INTO `villes` (`id_ville`, `nom_ville`, `pays_id_pays`) VALUES (4, 'Casablanca', 1);
INSERT INTO `villes` (`id_ville`, `nom_ville`, `pays_id_pays`) VALUES (5, 'Médiouna', 1);
INSERT INTO `villes` (`id_ville`, `nom_ville`, `pays_id_pays`) VALUES (6, 'Mohammadia', 1);
INSERT INTO `villes` (`id_ville`, `nom_ville`, `pays_id_pays`) VALUES (7, 'Tit Mellil', 1);
INSERT INTO `villes` (`id_ville`, `nom_ville`, `pays_id_pays`) VALUES (8, 'Ben Yakhlef', 1);
INSERT INTO `villes` (`id_ville`, `nom_ville`, `pays_id_pays`) VALUES (9, 'Bejaâd', 1);
INSERT INTO `villes` (`id_ville`, `nom_ville`, `pays_id_pays`) VALUES (10, 'Ben Ahmed', 1);
INSERT INTO `villes` (`id_ville`, `nom_ville`, `pays_id_pays`) VALUES (11, 'Benslimane', 1);
INSERT INTO `villes` (`id_ville`, `nom_ville`, `pays_id_pays`) VALUES (12, 'Berrechid', 1);
INSERT INTO `villes` (`id_ville`, `nom_ville`, `pays_id_pays`) VALUES (13, 'Boujniba', 1);
INSERT INTO `villes` (`id_ville`, `nom_ville`, `pays_id_pays`) VALUES (14, 'Boulanouare', 1);
INSERT INTO `villes` (`id_ville`, `nom_ville`, `pays_id_pays`) VALUES (15, 'Bouznika', 1);
INSERT INTO `villes` (`id_ville`, `nom_ville`, `pays_id_pays`) VALUES (16, 'Deroua', 1);
INSERT INTO `villes` (`id_ville`, `nom_ville`, `pays_id_pays`) VALUES (17, 'El Borouj', 1);
INSERT INTO `villes` (`id_ville`, `nom_ville`, `pays_id_pays`) VALUES (18, 'El Gara', 1);
INSERT INTO `villes` (`id_ville`, `nom_ville`, `pays_id_pays`) VALUES (19, 'Guisser', 1);
INSERT INTO `villes` (`id_ville`, `nom_ville`, `pays_id_pays`) VALUES (20, 'Hattane', 1);
INSERT INTO `villes` (`id_ville`, `nom_ville`, `pays_id_pays`) VALUES (21, 'Khouribga', 1);
INSERT INTO `villes` (`id_ville`, `nom_ville`, `pays_id_pays`) VALUES (22, 'Loulad', 1);
INSERT INTO `villes` (`id_ville`, `nom_ville`, `pays_id_pays`) VALUES (23, 'Oued Zem', 1);
INSERT INTO `villes` (`id_ville`, `nom_ville`, `pays_id_pays`) VALUES (24, 'Oulad Abbou', 1);
INSERT INTO `villes` (`id_ville`, `nom_ville`, `pays_id_pays`) VALUES (25, 'Oulad H\'Riz Sahel', 1);
INSERT INTO `villes` (`id_ville`, `nom_ville`, `pays_id_pays`) VALUES (26, 'Oulad M\'rah', 1);
INSERT INTO `villes` (`id_ville`, `nom_ville`, `pays_id_pays`) VALUES (27, 'Oulad Saïd', 1);
INSERT INTO `villes` (`id_ville`, `nom_ville`, `pays_id_pays`) VALUES (28, 'Oulad Sidi Ben Daoud', 1);
INSERT INTO `villes` (`id_ville`, `nom_ville`, `pays_id_pays`) VALUES (29, 'Ras El Aïn', 1);
INSERT INTO `villes` (`id_ville`, `nom_ville`, `pays_id_pays`) VALUES (30, 'Settat', 1);
INSERT INTO `villes` (`id_ville`, `nom_ville`, `pays_id_pays`) VALUES (31, 'Sidi Rahhal Chataï', 1);
INSERT INTO `villes` (`id_ville`, `nom_ville`, `pays_id_pays`) VALUES (32, 'Soualem', 1);
INSERT INTO `villes` (`id_ville`, `nom_ville`, `pays_id_pays`) VALUES (33, 'Azemmour', 1);
INSERT INTO `villes` (`id_ville`, `nom_ville`, `pays_id_pays`) VALUES (34, 'Bir Jdid', 1);
INSERT INTO `villes` (`id_ville`, `nom_ville`, `pays_id_pays`) VALUES (35, 'Bouguedra', 1);
INSERT INTO `villes` (`id_ville`, `nom_ville`, `pays_id_pays`) VALUES (36, 'Echemmaia', 1);
INSERT INTO `villes` (`id_ville`, `nom_ville`, `pays_id_pays`) VALUES (37, 'El Jadida', 1);
INSERT INTO `villes` (`id_ville`, `nom_ville`, `pays_id_pays`) VALUES (38, 'Hrara', 1);
INSERT INTO `villes` (`id_ville`, `nom_ville`, `pays_id_pays`) VALUES (39, 'Ighoud', 1);
INSERT INTO `villes` (`id_ville`, `nom_ville`, `pays_id_pays`) VALUES (40, 'Jamâat Shaim', 1);
INSERT INTO `villes` (`id_ville`, `nom_ville`, `pays_id_pays`) VALUES (41, 'Jorf Lasfar', 1);
INSERT INTO `villes` (`id_ville`, `nom_ville`, `pays_id_pays`) VALUES (42, 'Khemis Zemamra', 1);
INSERT INTO `villes` (`id_ville`, `nom_ville`, `pays_id_pays`) VALUES (43, 'Laaounate', 1);
INSERT INTO `villes` (`id_ville`, `nom_ville`, `pays_id_pays`) VALUES (44, 'Moulay Abdallah', 1);
INSERT INTO `villes` (`id_ville`, `nom_ville`, `pays_id_pays`) VALUES (45, 'Oualidia', 1);
INSERT INTO `villes` (`id_ville`, `nom_ville`, `pays_id_pays`) VALUES (46, 'Oulad Amrane', 1);
INSERT INTO `villes` (`id_ville`, `nom_ville`, `pays_id_pays`) VALUES (47, 'Oulad Frej', 1);
INSERT INTO `villes` (`id_ville`, `nom_ville`, `pays_id_pays`) VALUES (48, 'Oulad Ghadbane', 1);
INSERT INTO `villes` (`id_ville`, `nom_ville`, `pays_id_pays`) VALUES (49, 'Safi', 1);
INSERT INTO `villes` (`id_ville`, `nom_ville`, `pays_id_pays`) VALUES (50, 'Sebt El Maârif', 1);
INSERT INTO `villes` (`id_ville`, `nom_ville`, `pays_id_pays`) VALUES (51, 'Sebt Gzoula', 1);
INSERT INTO `villes` (`id_ville`, `nom_ville`, `pays_id_pays`) VALUES (52, 'Sidi Ahmed', 1);
INSERT INTO `villes` (`id_ville`, `nom_ville`, `pays_id_pays`) VALUES (53, 'Sidi Ali Ban Hamdouche', 1);
INSERT INTO `villes` (`id_ville`, `nom_ville`, `pays_id_pays`) VALUES (54, 'Sidi Bennour', 1);
INSERT INTO `villes` (`id_ville`, `nom_ville`, `pays_id_pays`) VALUES (55, 'Sidi Bouzid', 1);
INSERT INTO `villes` (`id_ville`, `nom_ville`, `pays_id_pays`) VALUES (56, 'Sidi Smaïl', 1);
INSERT INTO `villes` (`id_ville`, `nom_ville`, `pays_id_pays`) VALUES (57, 'Youssoufia', 1);
INSERT INTO `villes` (`id_ville`, `nom_ville`, `pays_id_pays`) VALUES (58, 'Fès', 1);
INSERT INTO `villes` (`id_ville`, `nom_ville`, `pays_id_pays`) VALUES (59, 'Aïn Cheggag', 1);
INSERT INTO `villes` (`id_ville`, `nom_ville`, `pays_id_pays`) VALUES (60, 'Bhalil', 1);
INSERT INTO `villes` (`id_ville`, `nom_ville`, `pays_id_pays`) VALUES (61, 'Boulemane', 1);
INSERT INTO `villes` (`id_ville`, `nom_ville`, `pays_id_pays`) VALUES (62, 'El Menzel', 1);
INSERT INTO `villes` (`id_ville`, `nom_ville`, `pays_id_pays`) VALUES (63, 'Guigou', 1);
INSERT INTO `villes` (`id_ville`, `nom_ville`, `pays_id_pays`) VALUES (64, 'Imouzzer Kandar', 1);
INSERT INTO `villes` (`id_ville`, `nom_ville`, `pays_id_pays`) VALUES (65, 'Imouzzer Marmoucha', 1);
INSERT INTO `villes` (`id_ville`, `nom_ville`, `pays_id_pays`) VALUES (66, 'Missour', 1);
INSERT INTO `villes` (`id_ville`, `nom_ville`, `pays_id_pays`) VALUES (67, 'Moulay Yaâcoub', 1);
INSERT INTO `villes` (`id_ville`, `nom_ville`, `pays_id_pays`) VALUES (68, 'Ouled Tayeb', 1);
INSERT INTO `villes` (`id_ville`, `nom_ville`, `pays_id_pays`) VALUES (69, 'Outat El Haj', 1);
INSERT INTO `villes` (`id_ville`, `nom_ville`, `pays_id_pays`) VALUES (70, 'Ribate El Kheir', 1);
INSERT INTO `villes` (`id_ville`, `nom_ville`, `pays_id_pays`) VALUES (71, 'Séfrou', 1);
INSERT INTO `villes` (`id_ville`, `nom_ville`, `pays_id_pays`) VALUES (72, 'Skhinate', 1);
INSERT INTO `villes` (`id_ville`, `nom_ville`, `pays_id_pays`) VALUES (73, 'Tafajight', 1);
INSERT INTO `villes` (`id_ville`, `nom_ville`, `pays_id_pays`) VALUES (74, 'Arbaoua', 1);
INSERT INTO `villes` (`id_ville`, `nom_ville`, `pays_id_pays`) VALUES (75, 'Aïn Dorij', 1);
INSERT INTO `villes` (`id_ville`, `nom_ville`, `pays_id_pays`) VALUES (76, 'Dar Gueddari', 1);
INSERT INTO `villes` (`id_ville`, `nom_ville`, `pays_id_pays`) VALUES (77, 'Had Kourt', 1);
INSERT INTO `villes` (`id_ville`, `nom_ville`, `pays_id_pays`) VALUES (78, 'Jorf El Melha', 1);
INSERT INTO `villes` (`id_ville`, `nom_ville`, `pays_id_pays`) VALUES (79, 'Kénitra', 1);
INSERT INTO `villes` (`id_ville`, `nom_ville`, `pays_id_pays`) VALUES (80, 'Khenichet', 1);
INSERT INTO `villes` (`id_ville`, `nom_ville`, `pays_id_pays`) VALUES (81, 'Lalla Mimouna', 1);
INSERT INTO `villes` (`id_ville`, `nom_ville`, `pays_id_pays`) VALUES (82, 'Mechra Bel Ksiri', 1);
INSERT INTO `villes` (`id_ville`, `nom_ville`, `pays_id_pays`) VALUES (83, 'Mehdia', 1);
INSERT INTO `villes` (`id_ville`, `nom_ville`, `pays_id_pays`) VALUES (84, 'Moulay Bousselham', 1);
INSERT INTO `villes` (`id_ville`, `nom_ville`, `pays_id_pays`) VALUES (85, 'Sidi Allal Tazi', 1);
INSERT INTO `villes` (`id_ville`, `nom_ville`, `pays_id_pays`) VALUES (86, 'Sidi Kacem', 1);
INSERT INTO `villes` (`id_ville`, `nom_ville`, `pays_id_pays`) VALUES (87, 'Sidi Slimane', 1);
INSERT INTO `villes` (`id_ville`, `nom_ville`, `pays_id_pays`) VALUES (88, 'Sidi Taibi', 1);
INSERT INTO `villes` (`id_ville`, `nom_ville`, `pays_id_pays`) VALUES (89, 'Sidi Yahya El Gharb', 1);
INSERT INTO `villes` (`id_ville`, `nom_ville`, `pays_id_pays`) VALUES (90, 'Souk El Arbaa', 1);
INSERT INTO `villes` (`id_ville`, `nom_ville`, `pays_id_pays`) VALUES (91, 'Akka', 1);
INSERT INTO `villes` (`id_ville`, `nom_ville`, `pays_id_pays`) VALUES (92, 'Assa', 1);
INSERT INTO `villes` (`id_ville`, `nom_ville`, `pays_id_pays`) VALUES (93, 'Bouizakarne', 1);
INSERT INTO `villes` (`id_ville`, `nom_ville`, `pays_id_pays`) VALUES (94, 'El Ouatia', 1);
INSERT INTO `villes` (`id_ville`, `nom_ville`, `pays_id_pays`) VALUES (95, 'Es-Semara', 1);
INSERT INTO `villes` (`id_ville`, `nom_ville`, `pays_id_pays`) VALUES (96, 'Fam El Hisn', 1);
INSERT INTO `villes` (`id_ville`, `nom_ville`, `pays_id_pays`) VALUES (97, 'Foum Zguid', 1);
INSERT INTO `villes` (`id_ville`, `nom_ville`, `pays_id_pays`) VALUES (98, 'Guelmim', 1);
INSERT INTO `villes` (`id_ville`, `nom_ville`, `pays_id_pays`) VALUES (99, 'Taghjijt', 1);
INSERT INTO `villes` (`id_ville`, `nom_ville`, `pays_id_pays`) VALUES (100, 'Tan-Tan', 1);
INSERT INTO `villes` (`id_ville`, `nom_ville`, `pays_id_pays`) VALUES (101, 'Tata', 1);
INSERT INTO `villes` (`id_ville`, `nom_ville`, `pays_id_pays`) VALUES (102, 'Zag', 1);
INSERT INTO `villes` (`id_ville`, `nom_ville`, `pays_id_pays`) VALUES (103, 'Marrakech', 1);
INSERT INTO `villes` (`id_ville`, `nom_ville`, `pays_id_pays`) VALUES (104, 'Ait Daoud', 1);
INSERT INTO `villes` (`id_ville`, `nom_ville`, `pays_id_pays`) VALUES (115, 'Amizmiz', 1);
INSERT INTO `villes` (`id_ville`, `nom_ville`, `pays_id_pays`) VALUES (116, 'Assahrij', 1);
INSERT INTO `villes` (`id_ville`, `nom_ville`, `pays_id_pays`) VALUES (117, 'Aït Ourir', 1);
INSERT INTO `villes` (`id_ville`, `nom_ville`, `pays_id_pays`) VALUES (118, 'Ben Guerir', 1);
INSERT INTO `villes` (`id_ville`, `nom_ville`, `pays_id_pays`) VALUES (119, 'Chichaoua', 1);
INSERT INTO `villes` (`id_ville`, `nom_ville`, `pays_id_pays`) VALUES (120, 'El Hanchane', 1);
INSERT INTO `villes` (`id_ville`, `nom_ville`, `pays_id_pays`) VALUES (121, 'El Kelaâ des Sraghna', 1);
INSERT INTO `villes` (`id_ville`, `nom_ville`, `pays_id_pays`) VALUES (122, 'Essaouira', 1);
INSERT INTO `villes` (`id_ville`, `nom_ville`, `pays_id_pays`) VALUES (123, 'Fraïta', 1);
INSERT INTO `villes` (`id_ville`, `nom_ville`, `pays_id_pays`) VALUES (124, 'Ghmate', 1);
INSERT INTO `villes` (`id_ville`, `nom_ville`, `pays_id_pays`) VALUES (125, 'Ighounane', 1);
INSERT INTO `villes` (`id_ville`, `nom_ville`, `pays_id_pays`) VALUES (126, 'Imintanoute', 1);
INSERT INTO `villes` (`id_ville`, `nom_ville`, `pays_id_pays`) VALUES (127, 'Kattara', 1);
INSERT INTO `villes` (`id_ville`, `nom_ville`, `pays_id_pays`) VALUES (128, 'Lalla Takerkoust', 1);
INSERT INTO `villes` (`id_ville`, `nom_ville`, `pays_id_pays`) VALUES (129, 'Loudaya', 1);
INSERT INTO `villes` (`id_ville`, `nom_ville`, `pays_id_pays`) VALUES (130, 'Lâattaouia', 1);
INSERT INTO `villes` (`id_ville`, `nom_ville`, `pays_id_pays`) VALUES (131, 'Moulay Brahim', 1);
INSERT INTO `villes` (`id_ville`, `nom_ville`, `pays_id_pays`) VALUES (132, 'Mzouda', 1);
INSERT INTO `villes` (`id_ville`, `nom_ville`, `pays_id_pays`) VALUES (133, 'Ounagha', 1);
INSERT INTO `villes` (`id_ville`, `nom_ville`, `pays_id_pays`) VALUES (134, 'Sid L\'Mokhtar', 1);
INSERT INTO `villes` (`id_ville`, `nom_ville`, `pays_id_pays`) VALUES (135, 'Sid Zouin', 1);
INSERT INTO `villes` (`id_ville`, `nom_ville`, `pays_id_pays`) VALUES (136, 'Sidi Abdallah Ghiat', 1);
INSERT INTO `villes` (`id_ville`, `nom_ville`, `pays_id_pays`) VALUES (137, 'Sidi Bou Othmane', 1);
INSERT INTO `villes` (`id_ville`, `nom_ville`, `pays_id_pays`) VALUES (138, 'Sidi Rahhal', 1);
INSERT INTO `villes` (`id_ville`, `nom_ville`, `pays_id_pays`) VALUES (139, 'Skhour Rehamna', 1);
INSERT INTO `villes` (`id_ville`, `nom_ville`, `pays_id_pays`) VALUES (140, 'Smimou', 1);
INSERT INTO `villes` (`id_ville`, `nom_ville`, `pays_id_pays`) VALUES (141, 'Tafetachte', 1);
INSERT INTO `villes` (`id_ville`, `nom_ville`, `pays_id_pays`) VALUES (142, 'Tahannaout', 1);
INSERT INTO `villes` (`id_ville`, `nom_ville`, `pays_id_pays`) VALUES (143, 'Talmest', 1);
INSERT INTO `villes` (`id_ville`, `nom_ville`, `pays_id_pays`) VALUES (144, 'Tamallalt', 1);
INSERT INTO `villes` (`id_ville`, `nom_ville`, `pays_id_pays`) VALUES (145, 'Tamanar', 1);
INSERT INTO `villes` (`id_ville`, `nom_ville`, `pays_id_pays`) VALUES (146, 'Tamansourt', 1);
INSERT INTO `villes` (`id_ville`, `nom_ville`, `pays_id_pays`) VALUES (147, 'Tameslouht', 1);
INSERT INTO `villes` (`id_ville`, `nom_ville`, `pays_id_pays`) VALUES (148, 'Tanalt', 1);
INSERT INTO `villes` (`id_ville`, `nom_ville`, `pays_id_pays`) VALUES (149, 'Zeubelemok', 1);
INSERT INTO `villes` (`id_ville`, `nom_ville`, `pays_id_pays`) VALUES (150, 'Meknès', 1);
INSERT INTO `villes` (`id_ville`, `nom_ville`, `pays_id_pays`) VALUES (151, 'Khénifra', 1);
INSERT INTO `villes` (`id_ville`, `nom_ville`, `pays_id_pays`) VALUES (152, 'Agourai', 1);
INSERT INTO `villes` (`id_ville`, `nom_ville`, `pays_id_pays`) VALUES (153, 'Ain Taoujdate', 1);
INSERT INTO `villes` (`id_ville`, `nom_ville`, `pays_id_pays`) VALUES (154, 'MyAliCherif', 1);
INSERT INTO `villes` (`id_ville`, `nom_ville`, `pays_id_pays`) VALUES (155, 'Rissani', 1);
INSERT INTO `villes` (`id_ville`, `nom_ville`, `pays_id_pays`) VALUES (156, 'Amalou Ighriben', 1);
INSERT INTO `villes` (`id_ville`, `nom_ville`, `pays_id_pays`) VALUES (157, 'Aoufous', 1);
INSERT INTO `villes` (`id_ville`, `nom_ville`, `pays_id_pays`) VALUES (158, 'Arfoud', 1);
INSERT INTO `villes` (`id_ville`, `nom_ville`, `pays_id_pays`) VALUES (159, 'Azrou', 1);
INSERT INTO `villes` (`id_ville`, `nom_ville`, `pays_id_pays`) VALUES (160, 'Aïn Jemaa', 1);
INSERT INTO `villes` (`id_ville`, `nom_ville`, `pays_id_pays`) VALUES (161, 'Aïn Karma', 1);
INSERT INTO `villes` (`id_ville`, `nom_ville`, `pays_id_pays`) VALUES (162, 'Aïn Leuh', 1);
INSERT INTO `villes` (`id_ville`, `nom_ville`, `pays_id_pays`) VALUES (163, 'Aït Boubidmane', 1);
INSERT INTO `villes` (`id_ville`, `nom_ville`, `pays_id_pays`) VALUES (164, 'Aït Ishaq', 1);
INSERT INTO `villes` (`id_ville`, `nom_ville`, `pays_id_pays`) VALUES (165, 'Boudnib', 1);
INSERT INTO `villes` (`id_ville`, `nom_ville`, `pays_id_pays`) VALUES (166, 'Boufakrane', 1);
INSERT INTO `villes` (`id_ville`, `nom_ville`, `pays_id_pays`) VALUES (167, 'Boumia', 1);
INSERT INTO `villes` (`id_ville`, `nom_ville`, `pays_id_pays`) VALUES (168, 'El Hajeb', 1);
INSERT INTO `villes` (`id_ville`, `nom_ville`, `pays_id_pays`) VALUES (169, 'Elkbab', 1);
INSERT INTO `villes` (`id_ville`, `nom_ville`, `pays_id_pays`) VALUES (170, 'Er-Rich', 1);
INSERT INTO `villes` (`id_ville`, `nom_ville`, `pays_id_pays`) VALUES (171, 'Errachidia', 1);
INSERT INTO `villes` (`id_ville`, `nom_ville`, `pays_id_pays`) VALUES (172, 'Gardmit', 1);
INSERT INTO `villes` (`id_ville`, `nom_ville`, `pays_id_pays`) VALUES (173, 'Goulmima', 1);
INSERT INTO `villes` (`id_ville`, `nom_ville`, `pays_id_pays`) VALUES (174, 'Gourrama', 1);
INSERT INTO `villes` (`id_ville`, `nom_ville`, `pays_id_pays`) VALUES (175, 'Had Bouhssoussen', 1);
INSERT INTO `villes` (`id_ville`, `nom_ville`, `pays_id_pays`) VALUES (176, 'Haj Kaddour', 1);
INSERT INTO `villes` (`id_ville`, `nom_ville`, `pays_id_pays`) VALUES (177, 'Ifrane', 1);
INSERT INTO `villes` (`id_ville`, `nom_ville`, `pays_id_pays`) VALUES (178, 'Itzer', 1);
INSERT INTO `villes` (`id_ville`, `nom_ville`, `pays_id_pays`) VALUES (179, 'Jorf', 1);
INSERT INTO `villes` (`id_ville`, `nom_ville`, `pays_id_pays`) VALUES (180, 'Kehf Nsour', 1);
INSERT INTO `villes` (`id_ville`, `nom_ville`, `pays_id_pays`) VALUES (181, 'Kerrouchen', 1);
INSERT INTO `villes` (`id_ville`, `nom_ville`, `pays_id_pays`) VALUES (182, 'M\'haya', 1);
INSERT INTO `villes` (`id_ville`, `nom_ville`, `pays_id_pays`) VALUES (183, 'M\'rirt', 1);
INSERT INTO `villes` (`id_ville`, `nom_ville`, `pays_id_pays`) VALUES (184, 'Midelt', 1);
INSERT INTO `villes` (`id_ville`, `nom_ville`, `pays_id_pays`) VALUES (185, 'Moulay Ali Cherif', 1);
INSERT INTO `villes` (`id_ville`, `nom_ville`, `pays_id_pays`) VALUES (186, 'Moulay Bouazza', 1);
INSERT INTO `villes` (`id_ville`, `nom_ville`, `pays_id_pays`) VALUES (187, 'Moulay Idriss Zerhoun', 1);
INSERT INTO `villes` (`id_ville`, `nom_ville`, `pays_id_pays`) VALUES (188, 'Moussaoua', 1);
INSERT INTO `villes` (`id_ville`, `nom_ville`, `pays_id_pays`) VALUES (189, 'N\'Zalat Bni Amar', 1);
INSERT INTO `villes` (`id_ville`, `nom_ville`, `pays_id_pays`) VALUES (190, 'Ouaoumana', 1);
INSERT INTO `villes` (`id_ville`, `nom_ville`, `pays_id_pays`) VALUES (191, 'Oued Ifrane', 1);
INSERT INTO `villes` (`id_ville`, `nom_ville`, `pays_id_pays`) VALUES (192, 'Sabaa Aiyoun', 1);
INSERT INTO `villes` (`id_ville`, `nom_ville`, `pays_id_pays`) VALUES (193, 'Sebt Jahjouh', 1);
INSERT INTO `villes` (`id_ville`, `nom_ville`, `pays_id_pays`) VALUES (194, 'Sidi Addi', 1);
INSERT INTO `villes` (`id_ville`, `nom_ville`, `pays_id_pays`) VALUES (195, 'Tichoute', 1);
INSERT INTO `villes` (`id_ville`, `nom_ville`, `pays_id_pays`) VALUES (196, 'Tighassaline', 1);
INSERT INTO `villes` (`id_ville`, `nom_ville`, `pays_id_pays`) VALUES (197, 'Tighza', 1);
INSERT INTO `villes` (`id_ville`, `nom_ville`, `pays_id_pays`) VALUES (198, 'Timahdite', 1);
INSERT INTO `villes` (`id_ville`, `nom_ville`, `pays_id_pays`) VALUES (199, 'Tinejdad', 1);
INSERT INTO `villes` (`id_ville`, `nom_ville`, `pays_id_pays`) VALUES (200, 'Tizguite', 1);
INSERT INTO `villes` (`id_ville`, `nom_ville`, `pays_id_pays`) VALUES (201, 'Toulal', 1);
INSERT INTO `villes` (`id_ville`, `nom_ville`, `pays_id_pays`) VALUES (202, 'Tounfite', 1);
INSERT INTO `villes` (`id_ville`, `nom_ville`, `pays_id_pays`) VALUES (203, 'Zaouia d\'Ifrane', 1);
INSERT INTO `villes` (`id_ville`, `nom_ville`, `pays_id_pays`) VALUES (204, 'Zaïda', 1);
INSERT INTO `villes` (`id_ville`, `nom_ville`, `pays_id_pays`) VALUES (205, 'Ahfir', 1);
INSERT INTO `villes` (`id_ville`, `nom_ville`, `pays_id_pays`) VALUES (206, 'Aklim', 1);
INSERT INTO `villes` (`id_ville`, `nom_ville`, `pays_id_pays`) VALUES (207, 'Al Aroui', 1);
INSERT INTO `villes` (`id_ville`, `nom_ville`, `pays_id_pays`) VALUES (208, 'Aïn Bni Mathar', 1);
INSERT INTO `villes` (`id_ville`, `nom_ville`, `pays_id_pays`) VALUES (209, 'Aïn Erreggada', 1);
INSERT INTO `villes` (`id_ville`, `nom_ville`, `pays_id_pays`) VALUES (210, 'Ben Taïeb', 1);
INSERT INTO `villes` (`id_ville`, `nom_ville`, `pays_id_pays`) VALUES (211, 'Berkane', 1);
INSERT INTO `villes` (`id_ville`, `nom_ville`, `pays_id_pays`) VALUES (212, 'Bni Ansar', 1);
INSERT INTO `villes` (`id_ville`, `nom_ville`, `pays_id_pays`) VALUES (213, 'Bni Chiker', 1);
INSERT INTO `villes` (`id_ville`, `nom_ville`, `pays_id_pays`) VALUES (214, 'Bni Drar', 1);
INSERT INTO `villes` (`id_ville`, `nom_ville`, `pays_id_pays`) VALUES (215, 'Bni Tadjite', 1);
INSERT INTO `villes` (`id_ville`, `nom_ville`, `pays_id_pays`) VALUES (216, 'Bouanane', 1);
INSERT INTO `villes` (`id_ville`, `nom_ville`, `pays_id_pays`) VALUES (217, 'Bouarfa', 1);
INSERT INTO `villes` (`id_ville`, `nom_ville`, `pays_id_pays`) VALUES (218, 'Bouhdila', 1);
INSERT INTO `villes` (`id_ville`, `nom_ville`, `pays_id_pays`) VALUES (219, 'Dar El Kebdani', 1);
INSERT INTO `villes` (`id_ville`, `nom_ville`, `pays_id_pays`) VALUES (220, 'Debdou', 1);
INSERT INTO `villes` (`id_ville`, `nom_ville`, `pays_id_pays`) VALUES (221, 'Douar Kannine', 1);
INSERT INTO `villes` (`id_ville`, `nom_ville`, `pays_id_pays`) VALUES (222, 'Driouch', 1);
INSERT INTO `villes` (`id_ville`, `nom_ville`, `pays_id_pays`) VALUES (223, 'El Aïoun Sidi Mellouk', 1);
INSERT INTO `villes` (`id_ville`, `nom_ville`, `pays_id_pays`) VALUES (224, 'Farkhana', 1);
INSERT INTO `villes` (`id_ville`, `nom_ville`, `pays_id_pays`) VALUES (225, 'Figuig', 1);
INSERT INTO `villes` (`id_ville`, `nom_ville`, `pays_id_pays`) VALUES (226, 'Ihddaden', 1);
INSERT INTO `villes` (`id_ville`, `nom_ville`, `pays_id_pays`) VALUES (227, 'Jaâdar', 1);
INSERT INTO `villes` (`id_ville`, `nom_ville`, `pays_id_pays`) VALUES (228, 'Jerada', 1);
INSERT INTO `villes` (`id_ville`, `nom_ville`, `pays_id_pays`) VALUES (229, 'Kariat Arekmane', 1);
INSERT INTO `villes` (`id_ville`, `nom_ville`, `pays_id_pays`) VALUES (230, 'Kassita', 1);
INSERT INTO `villes` (`id_ville`, `nom_ville`, `pays_id_pays`) VALUES (231, 'Kerouna', 1);
INSERT INTO `villes` (`id_ville`, `nom_ville`, `pays_id_pays`) VALUES (232, 'Laâtamna', 1);
INSERT INTO `villes` (`id_ville`, `nom_ville`, `pays_id_pays`) VALUES (233, 'Madagh', 1);
INSERT INTO `villes` (`id_ville`, `nom_ville`, `pays_id_pays`) VALUES (234, 'Midar', 1);
INSERT INTO `villes` (`id_ville`, `nom_ville`, `pays_id_pays`) VALUES (235, 'Nador', 1);
INSERT INTO `villes` (`id_ville`, `nom_ville`, `pays_id_pays`) VALUES (236, 'Naima', 1);
INSERT INTO `villes` (`id_ville`, `nom_ville`, `pays_id_pays`) VALUES (237, 'Oued Heimer', 1);
INSERT INTO `villes` (`id_ville`, `nom_ville`, `pays_id_pays`) VALUES (238, 'Oujda', 1);
INSERT INTO `villes` (`id_ville`, `nom_ville`, `pays_id_pays`) VALUES (239, 'Ras El Ma', 1);
INSERT INTO `villes` (`id_ville`, `nom_ville`, `pays_id_pays`) VALUES (240, 'Saïdia', 1);
INSERT INTO `villes` (`id_ville`, `nom_ville`, `pays_id_pays`) VALUES (241, 'Selouane', 1);
INSERT INTO `villes` (`id_ville`, `nom_ville`, `pays_id_pays`) VALUES (242, 'Sidi Boubker', 1);
INSERT INTO `villes` (`id_ville`, `nom_ville`, `pays_id_pays`) VALUES (243, 'Sidi Slimane Echcharaa', 1);
INSERT INTO `villes` (`id_ville`, `nom_ville`, `pays_id_pays`) VALUES (244, 'Talsint', 1);
INSERT INTO `villes` (`id_ville`, `nom_ville`, `pays_id_pays`) VALUES (245, 'Taourirt', 1);
INSERT INTO `villes` (`id_ville`, `nom_ville`, `pays_id_pays`) VALUES (246, 'Tendrara', 1);
INSERT INTO `villes` (`id_ville`, `nom_ville`, `pays_id_pays`) VALUES (247, 'Tiztoutine', 1);
INSERT INTO `villes` (`id_ville`, `nom_ville`, `pays_id_pays`) VALUES (248, 'Touima', 1);
INSERT INTO `villes` (`id_ville`, `nom_ville`, `pays_id_pays`) VALUES (249, 'Touissit', 1);
INSERT INTO `villes` (`id_ville`, `nom_ville`, `pays_id_pays`) VALUES (250, 'Zaïo', 1);
INSERT INTO `villes` (`id_ville`, `nom_ville`, `pays_id_pays`) VALUES (251, 'Zeghanghane', 1);
INSERT INTO `villes` (`id_ville`, `nom_ville`, `pays_id_pays`) VALUES (252, 'Rabat', 1);
INSERT INTO `villes` (`id_ville`, `nom_ville`, `pays_id_pays`) VALUES (253, 'Salé', 1);
INSERT INTO `villes` (`id_ville`, `nom_ville`, `pays_id_pays`) VALUES (254, 'Ain El Aouda', 1);
INSERT INTO `villes` (`id_ville`, `nom_ville`, `pays_id_pays`) VALUES (255, 'Harhoura', 1);
INSERT INTO `villes` (`id_ville`, `nom_ville`, `pays_id_pays`) VALUES (256, 'Khémisset', 1);
INSERT INTO `villes` (`id_ville`, `nom_ville`, `pays_id_pays`) VALUES (257, 'Oulmès', 1);
INSERT INTO `villes` (`id_ville`, `nom_ville`, `pays_id_pays`) VALUES (258, 'Rommani', 1);
INSERT INTO `villes` (`id_ville`, `nom_ville`, `pays_id_pays`) VALUES (259, 'Sidi Allal El Bahraoui', 1);
INSERT INTO `villes` (`id_ville`, `nom_ville`, `pays_id_pays`) VALUES (260, 'Sidi Bouknadel', 1);
INSERT INTO `villes` (`id_ville`, `nom_ville`, `pays_id_pays`) VALUES (261, 'Skhirate', 1);
INSERT INTO `villes` (`id_ville`, `nom_ville`, `pays_id_pays`) VALUES (262, 'Tamesna', 1);
INSERT INTO `villes` (`id_ville`, `nom_ville`, `pays_id_pays`) VALUES (263, 'Témara', 1);
INSERT INTO `villes` (`id_ville`, `nom_ville`, `pays_id_pays`) VALUES (264, 'Tiddas', 1);
INSERT INTO `villes` (`id_ville`, `nom_ville`, `pays_id_pays`) VALUES (265, 'Tiflet', 1);
INSERT INTO `villes` (`id_ville`, `nom_ville`, `pays_id_pays`) VALUES (266, 'Touarga', 1);
INSERT INTO `villes` (`id_ville`, `nom_ville`, `pays_id_pays`) VALUES (267, 'Agadir', 1);
INSERT INTO `villes` (`id_ville`, `nom_ville`, `pays_id_pays`) VALUES (268, 'Agdz', 1);
INSERT INTO `villes` (`id_ville`, `nom_ville`, `pays_id_pays`) VALUES (269, 'Agni Izimmer', 1);
INSERT INTO `villes` (`id_ville`, `nom_ville`, `pays_id_pays`) VALUES (270, 'Aït Melloul', 1);
INSERT INTO `villes` (`id_ville`, `nom_ville`, `pays_id_pays`) VALUES (271, 'Alnif', 1);
INSERT INTO `villes` (`id_ville`, `nom_ville`, `pays_id_pays`) VALUES (272, 'Anzi', 1);
INSERT INTO `villes` (`id_ville`, `nom_ville`, `pays_id_pays`) VALUES (273, 'Aoulouz', 1);
INSERT INTO `villes` (`id_ville`, `nom_ville`, `pays_id_pays`) VALUES (274, 'Aourir', 1);
INSERT INTO `villes` (`id_ville`, `nom_ville`, `pays_id_pays`) VALUES (275, 'Arazane', 1);
INSERT INTO `villes` (`id_ville`, `nom_ville`, `pays_id_pays`) VALUES (276, 'Aït Baha', 1);
INSERT INTO `villes` (`id_ville`, `nom_ville`, `pays_id_pays`) VALUES (277, 'Aït Iaâza', 1);
INSERT INTO `villes` (`id_ville`, `nom_ville`, `pays_id_pays`) VALUES (278, 'Aït Yalla', 1);
INSERT INTO `villes` (`id_ville`, `nom_ville`, `pays_id_pays`) VALUES (279, 'Ben Sergao', 1);
INSERT INTO `villes` (`id_ville`, `nom_ville`, `pays_id_pays`) VALUES (280, 'Biougra', 1);
INSERT INTO `villes` (`id_ville`, `nom_ville`, `pays_id_pays`) VALUES (281, 'Boumalne-Dadès', 1);
INSERT INTO `villes` (`id_ville`, `nom_ville`, `pays_id_pays`) VALUES (282, 'Dcheira El Jihadia', 1);
INSERT INTO `villes` (`id_ville`, `nom_ville`, `pays_id_pays`) VALUES (283, 'Drargua', 1);
INSERT INTO `villes` (`id_ville`, `nom_ville`, `pays_id_pays`) VALUES (284, 'El Guerdane', 1);
INSERT INTO `villes` (`id_ville`, `nom_ville`, `pays_id_pays`) VALUES (285, 'Harte Lyamine', 1);
INSERT INTO `villes` (`id_ville`, `nom_ville`, `pays_id_pays`) VALUES (286, 'Ida Ougnidif', 1);
INSERT INTO `villes` (`id_ville`, `nom_ville`, `pays_id_pays`) VALUES (287, 'Ifri', 1);
INSERT INTO `villes` (`id_ville`, `nom_ville`, `pays_id_pays`) VALUES (288, 'Igdamen', 1);
INSERT INTO `villes` (`id_ville`, `nom_ville`, `pays_id_pays`) VALUES (289, 'Ighil n\'Oumgoun', 1);
INSERT INTO `villes` (`id_ville`, `nom_ville`, `pays_id_pays`) VALUES (290, 'Imassine', 1);
INSERT INTO `villes` (`id_ville`, `nom_ville`, `pays_id_pays`) VALUES (291, 'Inezgane', 1);
INSERT INTO `villes` (`id_ville`, `nom_ville`, `pays_id_pays`) VALUES (292, 'Irherm', 1);
INSERT INTO `villes` (`id_ville`, `nom_ville`, `pays_id_pays`) VALUES (293, 'Kelaat-M\'Gouna', 1);
INSERT INTO `villes` (`id_ville`, `nom_ville`, `pays_id_pays`) VALUES (294, 'Lakhsas', 1);
INSERT INTO `villes` (`id_ville`, `nom_ville`, `pays_id_pays`) VALUES (295, 'Lakhsass', 1);
INSERT INTO `villes` (`id_ville`, `nom_ville`, `pays_id_pays`) VALUES (296, 'Lqliâa', 1);
INSERT INTO `villes` (`id_ville`, `nom_ville`, `pays_id_pays`) VALUES (297, 'M\'semrir', 1);
INSERT INTO `villes` (`id_ville`, `nom_ville`, `pays_id_pays`) VALUES (298, 'Massa (Maroc)', 1);
INSERT INTO `villes` (`id_ville`, `nom_ville`, `pays_id_pays`) VALUES (299, 'Megousse', 1);
INSERT INTO `villes` (`id_ville`, `nom_ville`, `pays_id_pays`) VALUES (300, 'Ouarzazate', 1);
INSERT INTO `villes` (`id_ville`, `nom_ville`, `pays_id_pays`) VALUES (301, 'Oulad Berhil', 1);
INSERT INTO `villes` (`id_ville`, `nom_ville`, `pays_id_pays`) VALUES (302, 'Oulad Teïma', 1);
INSERT INTO `villes` (`id_ville`, `nom_ville`, `pays_id_pays`) VALUES (303, 'Sarghine', 1);
INSERT INTO `villes` (`id_ville`, `nom_ville`, `pays_id_pays`) VALUES (304, 'Sidi Ifni', 1);
INSERT INTO `villes` (`id_ville`, `nom_ville`, `pays_id_pays`) VALUES (305, 'Skoura', 1);
INSERT INTO `villes` (`id_ville`, `nom_ville`, `pays_id_pays`) VALUES (306, 'Tabounte', 1);
INSERT INTO `villes` (`id_ville`, `nom_ville`, `pays_id_pays`) VALUES (307, 'Tafraout', 1);
INSERT INTO `villes` (`id_ville`, `nom_ville`, `pays_id_pays`) VALUES (308, 'Taghzout', 1);
INSERT INTO `villes` (`id_ville`, `nom_ville`, `pays_id_pays`) VALUES (309, 'Tagzen', 1);
INSERT INTO `villes` (`id_ville`, `nom_ville`, `pays_id_pays`) VALUES (310, 'Taliouine', 1);
INSERT INTO `villes` (`id_ville`, `nom_ville`, `pays_id_pays`) VALUES (311, 'Tamegroute', 1);
INSERT INTO `villes` (`id_ville`, `nom_ville`, `pays_id_pays`) VALUES (312, 'Tamraght', 1);
INSERT INTO `villes` (`id_ville`, `nom_ville`, `pays_id_pays`) VALUES (313, 'Tanoumrite Nkob Zagora', 1);
INSERT INTO `villes` (`id_ville`, `nom_ville`, `pays_id_pays`) VALUES (314, 'Taourirt ait zaghar', 1);
INSERT INTO `villes` (`id_ville`, `nom_ville`, `pays_id_pays`) VALUES (315, 'Taroudannt', 1);
INSERT INTO `villes` (`id_ville`, `nom_ville`, `pays_id_pays`) VALUES (316, 'Temsia', 1);
INSERT INTO `villes` (`id_ville`, `nom_ville`, `pays_id_pays`) VALUES (317, 'Tifnit', 1);
INSERT INTO `villes` (`id_ville`, `nom_ville`, `pays_id_pays`) VALUES (318, 'Tisgdal', 1);
INSERT INTO `villes` (`id_ville`, `nom_ville`, `pays_id_pays`) VALUES (319, 'Tiznit', 1);
INSERT INTO `villes` (`id_ville`, `nom_ville`, `pays_id_pays`) VALUES (320, 'Toundoute', 1);
INSERT INTO `villes` (`id_ville`, `nom_ville`, `pays_id_pays`) VALUES (321, 'Zagora', 1);
INSERT INTO `villes` (`id_ville`, `nom_ville`, `pays_id_pays`) VALUES (322, 'Afourar', 1);
INSERT INTO `villes` (`id_ville`, `nom_ville`, `pays_id_pays`) VALUES (323, 'Aghbala', 1);
INSERT INTO `villes` (`id_ville`, `nom_ville`, `pays_id_pays`) VALUES (324, 'Azilal', 1);
INSERT INTO `villes` (`id_ville`, `nom_ville`, `pays_id_pays`) VALUES (325, 'Aït Majden', 1);
INSERT INTO `villes` (`id_ville`, `nom_ville`, `pays_id_pays`) VALUES (326, 'Beni Ayat', 1);
INSERT INTO `villes` (`id_ville`, `nom_ville`, `pays_id_pays`) VALUES (327, 'Béni Mellal', 1);
INSERT INTO `villes` (`id_ville`, `nom_ville`, `pays_id_pays`) VALUES (328, 'Bin elouidane', 1);
INSERT INTO `villes` (`id_ville`, `nom_ville`, `pays_id_pays`) VALUES (329, 'Bradia', 1);
INSERT INTO `villes` (`id_ville`, `nom_ville`, `pays_id_pays`) VALUES (330, 'Bzou', 1);
INSERT INTO `villes` (`id_ville`, `nom_ville`, `pays_id_pays`) VALUES (331, 'Dar Oulad Zidouh', 1);
INSERT INTO `villes` (`id_ville`, `nom_ville`, `pays_id_pays`) VALUES (332, 'Demnate', 1);
INSERT INTO `villes` (`id_ville`, `nom_ville`, `pays_id_pays`) VALUES (333, 'Dra\'a', 1);
INSERT INTO `villes` (`id_ville`, `nom_ville`, `pays_id_pays`) VALUES (334, 'El Ksiba', 1);
INSERT INTO `villes` (`id_ville`, `nom_ville`, `pays_id_pays`) VALUES (335, 'Foum Jamaa', 1);
INSERT INTO `villes` (`id_ville`, `nom_ville`, `pays_id_pays`) VALUES (336, 'Fquih Ben Salah', 1);
INSERT INTO `villes` (`id_ville`, `nom_ville`, `pays_id_pays`) VALUES (337, 'Kasba Tadla', 1);
INSERT INTO `villes` (`id_ville`, `nom_ville`, `pays_id_pays`) VALUES (338, 'Ouaouizeght', 1);
INSERT INTO `villes` (`id_ville`, `nom_ville`, `pays_id_pays`) VALUES (339, 'Oulad Ayad', 1);
INSERT INTO `villes` (`id_ville`, `nom_ville`, `pays_id_pays`) VALUES (340, 'Oulad M\'Barek', 1);
INSERT INTO `villes` (`id_ville`, `nom_ville`, `pays_id_pays`) VALUES (341, 'Oulad Yaich', 1);
INSERT INTO `villes` (`id_ville`, `nom_ville`, `pays_id_pays`) VALUES (342, 'Sidi Jaber', 1);
INSERT INTO `villes` (`id_ville`, `nom_ville`, `pays_id_pays`) VALUES (343, 'Souk Sebt Oulad Nemma', 1);
INSERT INTO `villes` (`id_ville`, `nom_ville`, `pays_id_pays`) VALUES (344, 'Zaouïat Cheikh', 1);
INSERT INTO `villes` (`id_ville`, `nom_ville`, `pays_id_pays`) VALUES (345, 'Tanger', 1);
INSERT INTO `villes` (`id_ville`, `nom_ville`, `pays_id_pays`) VALUES (346, 'Tétouan', 1);
INSERT INTO `villes` (`id_ville`, `nom_ville`, `pays_id_pays`) VALUES (347, 'Akchour', 1);
INSERT INTO `villes` (`id_ville`, `nom_ville`, `pays_id_pays`) VALUES (348, 'Assilah', 1);
INSERT INTO `villes` (`id_ville`, `nom_ville`, `pays_id_pays`) VALUES (349, 'Bab Berred', 1);
INSERT INTO `villes` (`id_ville`, `nom_ville`, `pays_id_pays`) VALUES (350, 'Bab Taza', 1);
INSERT INTO `villes` (`id_ville`, `nom_ville`, `pays_id_pays`) VALUES (351, 'Brikcha', 1);
INSERT INTO `villes` (`id_ville`, `nom_ville`, `pays_id_pays`) VALUES (352, 'Chefchaouen', 1);
INSERT INTO `villes` (`id_ville`, `nom_ville`, `pays_id_pays`) VALUES (353, 'Dar Bni Karrich', 1);
INSERT INTO `villes` (`id_ville`, `nom_ville`, `pays_id_pays`) VALUES (354, 'Dar Chaoui', 1);
INSERT INTO `villes` (`id_ville`, `nom_ville`, `pays_id_pays`) VALUES (355, 'Fnideq', 1);
INSERT INTO `villes` (`id_ville`, `nom_ville`, `pays_id_pays`) VALUES (356, 'Gueznaia', 1);
INSERT INTO `villes` (`id_ville`, `nom_ville`, `pays_id_pays`) VALUES (357, 'Jebha', 1);
INSERT INTO `villes` (`id_ville`, `nom_ville`, `pays_id_pays`) VALUES (358, 'Karia', 1);
INSERT INTO `villes` (`id_ville`, `nom_ville`, `pays_id_pays`) VALUES (359, 'Khémis Sahel', 1);
INSERT INTO `villes` (`id_ville`, `nom_ville`, `pays_id_pays`) VALUES (360, 'Ksar El Kébir', 1);
INSERT INTO `villes` (`id_ville`, `nom_ville`, `pays_id_pays`) VALUES (361, 'Larache', 1);
INSERT INTO `villes` (`id_ville`, `nom_ville`, `pays_id_pays`) VALUES (362, 'Mdiq', 1);
INSERT INTO `villes` (`id_ville`, `nom_ville`, `pays_id_pays`) VALUES (363, 'Martil', 1);
INSERT INTO `villes` (`id_ville`, `nom_ville`, `pays_id_pays`) VALUES (364, 'Moqrisset', 1);
INSERT INTO `villes` (`id_ville`, `nom_ville`, `pays_id_pays`) VALUES (365, 'Oued Laou', 1);
INSERT INTO `villes` (`id_ville`, `nom_ville`, `pays_id_pays`) VALUES (366, 'Oued Rmel', 1);
INSERT INTO `villes` (`id_ville`, `nom_ville`, `pays_id_pays`) VALUES (367, 'Ouazzane', 1);
INSERT INTO `villes` (`id_ville`, `nom_ville`, `pays_id_pays`) VALUES (368, 'Point Cires', 1);
INSERT INTO `villes` (`id_ville`, `nom_ville`, `pays_id_pays`) VALUES (369, 'Sidi Lyamani', 1);
INSERT INTO `villes` (`id_ville`, `nom_ville`, `pays_id_pays`) VALUES (370, 'Sidi Mohamed ben Abdallah el-Raisuni', 1);
INSERT INTO `villes` (`id_ville`, `nom_ville`, `pays_id_pays`) VALUES (371, 'Zinat', 1);
INSERT INTO `villes` (`id_ville`, `nom_ville`, `pays_id_pays`) VALUES (372, 'Ajdir', 1);
INSERT INTO `villes` (`id_ville`, `nom_ville`, `pays_id_pays`) VALUES (373, 'Aknoul', 1);
INSERT INTO `villes` (`id_ville`, `nom_ville`, `pays_id_pays`) VALUES (374, 'Al Hoceïma', 1);
INSERT INTO `villes` (`id_ville`, `nom_ville`, `pays_id_pays`) VALUES (375, 'Aït Hichem', 1);
INSERT INTO `villes` (`id_ville`, `nom_ville`, `pays_id_pays`) VALUES (376, 'Bni Bouayach', 1);
INSERT INTO `villes` (`id_ville`, `nom_ville`, `pays_id_pays`) VALUES (377, 'Bni Hadifa', 1);
INSERT INTO `villes` (`id_ville`, `nom_ville`, `pays_id_pays`) VALUES (378, 'Ghafsai', 1);
INSERT INTO `villes` (`id_ville`, `nom_ville`, `pays_id_pays`) VALUES (379, 'Guercif', 1);
INSERT INTO `villes` (`id_ville`, `nom_ville`, `pays_id_pays`) VALUES (380, 'Imzouren', 1);
INSERT INTO `villes` (`id_ville`, `nom_ville`, `pays_id_pays`) VALUES (381, 'Inahnahen', 1);
INSERT INTO `villes` (`id_ville`, `nom_ville`, `pays_id_pays`) VALUES (382, 'Issaguen (Ketama)', 1);
INSERT INTO `villes` (`id_ville`, `nom_ville`, `pays_id_pays`) VALUES (383, 'Karia (El Jadida)', 1);
INSERT INTO `villes` (`id_ville`, `nom_ville`, `pays_id_pays`) VALUES (384, 'Karia Ba Mohamed', 1);
INSERT INTO `villes` (`id_ville`, `nom_ville`, `pays_id_pays`) VALUES (385, 'Oued Amlil', 1);
INSERT INTO `villes` (`id_ville`, `nom_ville`, `pays_id_pays`) VALUES (386, 'Oulad Zbair', 1);
INSERT INTO `villes` (`id_ville`, `nom_ville`, `pays_id_pays`) VALUES (387, 'Tahla', 1);
INSERT INTO `villes` (`id_ville`, `nom_ville`, `pays_id_pays`) VALUES (388, 'Tala Tazegwaght', 1);
INSERT INTO `villes` (`id_ville`, `nom_ville`, `pays_id_pays`) VALUES (389, 'Tamassint', 1);
INSERT INTO `villes` (`id_ville`, `nom_ville`, `pays_id_pays`) VALUES (390, 'Taounate', 1);
INSERT INTO `villes` (`id_ville`, `nom_ville`, `pays_id_pays`) VALUES (391, 'Targuist', 1);
INSERT INTO `villes` (`id_ville`, `nom_ville`, `pays_id_pays`) VALUES (392, 'Taza', 1);
INSERT INTO `villes` (`id_ville`, `nom_ville`, `pays_id_pays`) VALUES (393, 'Taïnaste', 1);
INSERT INTO `villes` (`id_ville`, `nom_ville`, `pays_id_pays`) VALUES (394, 'Thar Es-Souk', 1);
INSERT INTO `villes` (`id_ville`, `nom_ville`, `pays_id_pays`) VALUES (395, 'Tissa', 1);
INSERT INTO `villes` (`id_ville`, `nom_ville`, `pays_id_pays`) VALUES (396, 'Tizi Ouasli', 1);
INSERT INTO `villes` (`id_ville`, `nom_ville`, `pays_id_pays`) VALUES (397, 'Laayoune', 1);
INSERT INTO `villes` (`id_ville`, `nom_ville`, `pays_id_pays`) VALUES (398, 'El Marsa', 1);
INSERT INTO `villes` (`id_ville`, `nom_ville`, `pays_id_pays`) VALUES (399, 'Tarfaya', 1);
INSERT INTO `villes` (`id_ville`, `nom_ville`, `pays_id_pays`) VALUES (400, 'Boujdour', 1);
INSERT INTO `villes` (`id_ville`, `nom_ville`, `pays_id_pays`) VALUES (401, 'Awsard', 1);
INSERT INTO `villes` (`id_ville`, `nom_ville`, `pays_id_pays`) VALUES (402, 'Oued-Eddahab', 1);
INSERT INTO `villes` (`id_ville`, `nom_ville`, `pays_id_pays`) VALUES (403, 'Stehat', 1);
INSERT INTO `villes` (`id_ville`, `nom_ville`, `pays_id_pays`) VALUES (404, 'Aït Attab', 1);

INSERT INTO `specialites` (`id_spec`, `libelle`) VALUES (1, 'Généraliste');
INSERT INTO `specialites` (`id_spec`, `libelle`) VALUES (2, 'Dentiste');
INSERT INTO `specialites` (`id_spec`, `libelle`) VALUES (3, 'Anesthésie Réanimation');
INSERT INTO `specialites` (`id_spec`, `libelle`) VALUES (4, 'Cardiologie');
INSERT INTO `specialites` (`id_spec`, `libelle`) VALUES (5, 'Dermatologie');
INSERT INTO `specialites` (`id_spec`, `libelle`) VALUES (6, 'Endocrinologie');
INSERT INTO `specialites` (`id_spec`, `libelle`) VALUES (7, 'Hépato-Gastro-Entérologie');
INSERT INTO `specialites` (`id_spec`, `libelle`) VALUES (8, 'Médecine Interne');
INSERT INTO `specialites` (`id_spec`, `libelle`) VALUES (9, 'Médecine sociale, Santé Publique etMédecine Légale');
INSERT INTO `specialites` (`id_spec`, `libelle`) VALUES (10, 'Néphrologie');
INSERT INTO `specialites` (`id_spec`, `libelle`) VALUES (11, 'Neurologie');
INSERT INTO `specialites` (`id_spec`, `libelle`) VALUES (12, 'Pédiatrie');
INSERT INTO `specialites` (`id_spec`, `libelle`) VALUES (13, 'Pneumologie');
INSERT INTO `specialites` (`id_spec`, `libelle`) VALUES (14, 'Psychiatrie et Psychologie Médicale');
INSERT INTO `specialites` (`id_spec`, `libelle`) VALUES (15, 'Radiologie et Imagerie Médicale');
INSERT INTO `specialites` (`id_spec`, `libelle`) VALUES (16, 'Réanimation Médicale et Médecine Expérimentale');
INSERT INTO `specialites` (`id_spec`, `libelle`) VALUES (17, 'Rhumatologie, Médecine Physique et Réadaptation Fonctionnelle');
INSERT INTO `specialites` (`id_spec`, `libelle`) VALUES (18, 'Nutrition et Sciences de l’Alimentation*');
INSERT INTO `specialites` (`id_spec`, `libelle`) VALUES (19, 'Chirurgie cardio-Vasculaire');
INSERT INTO `specialites` (`id_spec`, `libelle`) VALUES (20, 'Chirurgie générale');
INSERT INTO `specialites` (`id_spec`, `libelle`) VALUES (21, 'Chirurgie maxillo-faciale et chirurgie plastique et réparatrice');
INSERT INTO `specialites` (`id_spec`, `libelle`) VALUES (22, 'Chirurgie pédiatrique');
INSERT INTO `specialites` (`id_spec`, `libelle`) VALUES (23, 'Chirurgie thoracique');
INSERT INTO `specialites` (`id_spec`, `libelle`) VALUES (24, 'Chirurgie vasculaire');
INSERT INTO `specialites` (`id_spec`, `libelle`) VALUES (25, 'Neurochirurgie');
INSERT INTO `specialites` (`id_spec`, `libelle`) VALUES (26, 'Traumatologie Orthopédie');
INSERT INTO `specialites` (`id_spec`, `libelle`) VALUES (27, 'Urologie');
INSERT INTO `specialites` (`id_spec`, `libelle`) VALUES (28, 'Gynécologie Obst');
INSERT INTO `specialites` (`id_spec`, `libelle`) VALUES (29, 'Ophtalmologie');
INSERT INTO `specialites` (`id_spec`, `libelle`) VALUES (30, 'ORL');
INSERT INTO `specialites` (`id_spec`, `libelle`) VALUES (31, 'Oncologie');
INSERT INTO `specialites` (`id_spec`, `libelle`) VALUES (32, 'Médecine des urgences et des catastrophes');
INSERT INTO `specialites` (`id_spec`, `libelle`) VALUES (33, 'Anatomie');
INSERT INTO `specialites` (`id_spec`, `libelle`) VALUES (34, 'Anatomie pathologique');
INSERT INTO `specialites` (`id_spec`, `libelle`) VALUES (35, 'Biochimie, Chimie, Biologie et Biologie Moléculaire');
INSERT INTO `specialites` (`id_spec`, `libelle`) VALUES (36, 'Biophysique et Médecine Nucléaire');
INSERT INTO `specialites` (`id_spec`, `libelle`) VALUES (37, 'Génétique et immunologie*');
INSERT INTO `specialites` (`id_spec`, `libelle`) VALUES (38, 'Hématologie');
INSERT INTO `specialites` (`id_spec`, `libelle`) VALUES (39, 'Histologie embryologie et cytogénétique');
INSERT INTO `specialites` (`id_spec`, `libelle`) VALUES (40, 'Microbiologie');
INSERT INTO `specialites` (`id_spec`, `libelle`) VALUES (41, 'Parasitologie');
INSERT INTO `specialites` (`id_spec`, `libelle`) VALUES (42, 'Physiologie');
INSERT INTO `specialites` (`id_spec`, `libelle`) VALUES (43, 'Biostatistiques, RechercheClinique et Epidémiologique*');


INSERT INTO `types_doc` (`id_typedoc`, `code_type`, `type_doc`) VALUES (1, '1', 'Ordonance');
INSERT INTO `types_doc` (`id_typedoc`, `code_type`, `type_doc`) VALUES (2, '2', 'Feuille de soins');
INSERT INTO `types_doc` (`id_typedoc`, `code_type`, `type_doc`) VALUES (3, '3', 'Ordonnance de biologie');
INSERT INTO `types_doc` (`id_typedoc`, `code_type`, `type_doc`) VALUES (4, '4', 'Courrier d adressage');
INSERT INTO `types_doc` (`id_typedoc`, `code_type`, `type_doc`) VALUES (5, '5', 'Arrêt de travail');

INSERT INTO `mode_consultation` (`id_mode`, `mode_consultation`) VALUES 
('1', "CABINET"),
('2', "VIDEO"),
('3', "DOMICILE");

INSERT INTO `motifs_consultation` (`id_motif`, `libelle`) VALUES 
(1, 'CONSULTATION'), (2, 'CONSULTATIONSUIVIE'), (3, 'URGENCE');

INSERT INTO `users` (`id`, `creation_date_time`, `email`, `email_verified`, `is_enabled`, `last_login`, `password`, `provider`, `role`, `telephone`) VALUES
(1, '2022-08-09 13:26:44.635000', 'patient@gmail.com', b'1', b'1', NULL, '$2a$10$17PkY7Bh/n1lGoNONK554eVFF7dDRlv1QfgrUi9x94HbyZi/qHZAK', 'LOCAL', 'ROLE_PATIENT', 'string'),
(2, '2022-08-09 15:49:49.142000', 'medecin@gmail.com', b'1', b'1', NULL, '$2a$10$17PkY7Bh/n1lGoNONK554eVFF7dDRlv1QfgrUi9x94HbyZi/qHZAK', 'LOCAL', 'ROLE_MEDECIN', 'string'),
(3, '2022-08-09 15:51:06.472000', 'admin@gmail.com', b'1', b'1', NULL, '$2a$10$17PkY7Bh/n1lGoNONK554eVFF7dDRlv1QfgrUi9x94HbyZi/qHZAK', 'LOCAL', 'ROLE_ADMIN', 'string'),
(4, '2022-08-09 15:49:49.142000', 'medecin2@gmail.com', b'1', b'1', NULL, '$2a$10$17PkY7Bh/n1lGoNONK554eVFF7dDRlv1QfgrUi9x94HbyZi/qHZAK', 'LOCAL', 'ROLE_MEDECIN', 'string'),
(5, '2022-08-09 15:49:49.142000', 'medecin3@gmail.com', b'1', b'1', NULL, '$2a$10$17PkY7Bh/n1lGoNONK554eVFF7dDRlv1QfgrUi9x94HbyZi/qHZAK', 'LOCAL', 'ROLE_MEDECIN', 'string'),
(6, '2022-08-09 13:26:44.635000', 'patient2@gmail.com', b'1', b'1', NULL, '$2a$10$17PkY7Bh/n1lGoNONK554eVFF7dDRlv1QfgrUi9x94HbyZi/qHZAK', 'LOCAL', 'ROLE_PATIENT', 'string'),
(7, '2022-08-09 13:26:44.635000', 'patient3@gmail.com', b'1', b'1', NULL, '$2a$10$17PkY7Bh/n1lGoNONK554eVFF7dDRlv1QfgrUi9x94HbyZi/qHZAK', 'LOCAL', 'ROLE_PATIENT', 'string'),
(8, '2022-08-09 13:26:44.635000', 'secretaire@gmail.com', b'1', b'1', NULL, '$2a$10$17PkY7Bh/n1lGoNONK554eVFF7dDRlv1QfgrUi9x94HbyZi/qHZAK', 'LOCAL', 'ROLE_SECRETAIRE', 'string');

INSERT INTO `medecins` (`id`, `steps_validation`, `civilite_med`, `contact_urgence_med`, `description_med`, `inpe`, `is_active`, `matricule_med`, `nom_med`, `photo_couverture_med`, `photo_med`, `prenom_med`, `specialite_id_spec`, `user_id`, `ville_id_ville`) VALUES 
(1,1, 'Mr', '0535604770', NULL, '141060053',NULL, '51531515', 'BIJJOU', NULL, NULL, 'ABBAS',1, 2, 58),
(2,1, 'Mr', '0535721174', NULL,  '141188516',NULL, '85468416', 'HOUNAOUI', NULL, NULL, 'ABDALLAH ',1, 4, 58),  
(3,1,'Mr', '0535618216', NULL,  '141245316',NULL, '351486', 'MOURABITI', NULL, NULL, 'ABDELAALI YAHYA',1, 5, 58);

INSERT INTO `moyenspaiement` (`id_mp`, `type`) VALUES
(1, 'Cash'),
(2, 'Credit'),
(3, 'cheque');
INSERT INTO `cabinet` (`id_cabinet`, `adresse`, `code_post`,`nom`,`creator_id`,`ville_id_ville`) VALUES
(1, '1 rue de france', '10000', 'Cabinet 1',1,58),
(3, '2 rue de france', '10000', 'Cabinet 2',2,58);

INSERT INTO `medecins_moyen_paiement` (`medecin_id`, `moyen_paiement_id_mp`) VALUES
(1, 1),
(1, 2); 

INSERT INTO `type_consultation` (`consultation_id`, `tarif`, `title`, `medecin_id`) VALUES
(1, 200, 'Premiere consultation', 1),
(2, 150, 'consultation Suivis', 1),
(3, 500, 'Premiere consultation', 2),
(4, 300, 'consultation Suivis', 2);




INSERT INTO `medecin_schedule` (`id`, `availability_end`, `availability_start`, `day`,`isnewpatient`,`period`,`id_cabinet`, `medecin_id`) VALUES
(1, '2021-09-06 10:00:00.000000', '2021-09-06 08:00:00.000000',1,b'1','MIN10',1,1),
(2, '2021-09-03 15:00:00.000000', '2021-09-03 13:00:00.000000',4,b'1','MIN20',1,1),
(3, '2021-09-04 10:00:00.000000', '2021-09-04 08:00:00.000000',5,b'1','MIN30',1,1),
(4, '2021-09-04 18:30:00.000000', '2021-09-04 16:00:00.000000',5,b'1','MIN20',1,1),
(5, '2021-09-03 15:00:00.000000', '2021-09-03 13:00:00.000000',4,b'1','MIN30',1,2),
(6, '2021-09-04 10:00:00.000000', '2021-09-04 08:00:00.000000',5,b'1','MIN30',1,2),
(7, '2021-09-04 18:30:00.000000', '2021-09-04 16:00:00.000000',5,b'1','MIN30',1,2);

INSERT INTO `modeschedules` (`sched_id`, `mode_id`) VALUES 
('1', '1'),
('2', '1'),
('2', '2'),
('3', '3'),
('4', '1'),
('5', '1'),
('5', '2'),
('6', '1'),
('6', '2'),
('7', '1');


INSERT INTO `dossiers` (`id_dossier`, `accesscode`, `alchole`, `dossier_type`, `fumeur`, `num_dossier`, `traitement`) VALUES 
(1, NULL, b'0', NULL, b'0', '12333', b'0'),
(2, NULL, b'0', NULL, b'0', '12333', b'0'),
(3, NULL, b'0', NULL, b'0', '12333', b'0'),
(4, NULL, b'0', NULL, b'0', '12333', b'0');

INSERT INTO `patients` (`id`, `adresse_pat`, `civilite_pat`, `code_post_pat`, `date_naissance`, `matricule_pat`, `mutuel_number`, `nom_pat`, `patient_email`, `patient_telephone`, `patient_type`, `place_of_birth`, `prenom_pat`, `id_dossier`, `user_id`, `id_ville`)  VALUES  
(1, NULL, NULL, NULL, NULL, NULL, NULL, 'Nom', NULL, NULL, 'MOI', NULL, 'pernom1', 1, 1, 58),
(2, NULL, NULL, NULL, NULL, NULL, NULL, 'Nom2', NULL, NULL, 'MOI', NULL, 'pernom2', 2, 2, 58),
(3, NULL, NULL, NULL, NULL, NULL, NULL, 'Nom2', NULL, NULL, 'MOI', NULL, 'pernom3', 3, 3, 58);


INSERT INTO `rendezvous` (`id`, `commantaire`, `canceled_at`, `day`, `end`, `i_snew_patient`, `start`, `statut`,`cabinet`, `medecin`,`id_mode`,`id_motif`,`patient`) VALUES 
('1', "test",NULL, '4', '2022-08-09 18:10:00.000000', b'0','2022-08-09 18:20:00.000000', 'ENATTENTE',1,1,1,1,1),
('2', "test",NULL, '4', '2022-08-17 18:20:43.000000', b'0','2022-08-17 18:10:43.000000', 'TERMINE',1,2,1,1,1),
('3', "test",NULL, '4', '2022-08-17 10:20:43.000000', b'0','2022-08-17 10:10:43.000000', 'TERMINE',1,2,1,1,1),
('4', "test",NULL, '4', '2022-08-17 17:20:43.000000', b'0','2022-08-17 17:10:43.000000', 'TERMINE',1,2,1,1,1),
('5', "test",NULL, '4', '2022-10-21 16:18:38.000000', b'0','2022-10-21 16:18:38.000000', 'ENATTENTE',1,2,1,1,1);


INSERT INTO `dossier_medecin` (`medecin_id`, `dossier_id`) VALUES
(1, 1),
(1, 2),
(2, 1),
(2, 3),
(3, 1);

INSERT INTO `documents` (`id_doc`, `archived`, `auteur`, `date_ajout_doc`, `fichier_doc`, `numero_doc`, `titre_doc`, `id_dossier`, `patient_id`, `rdv_id`, `type_doc`) VALUES
(2, 0, 'Dr. Adam', '2021-09-27 22:30:28.000000', 'https://documentspatient.blob.core.windows.net/documentspatient/2.PNG', 2, 'Test doc2', 1, 1, 1, 1),
(3, 0, 'Dr. Sara', '2021-09-27 23:16:40.000000', 'https://documentspatient.blob.core.windows.net/documentspatient/3.png', 3, 'Test Doc 1', 1, 2, 2, 1),
(4, 1, 'Dr. Joe', '2021-09-29 23:16:40.000000', 'https://documentspatient.blob.core.windows.net/documentspatient/3.png', 4, 'Test Doc Arch', 2, 2, NULL, 1),
(5, 0, 'Dr. Joe', '2021-09-29 23:16:40.000000', 'https://documentspatient.blob.core.windows.net/documentspatient/2.png', 5, 'Prescription by doctor', 2, 2, NULL, 1),
(6, 0, NULL, '2021-10-01 01:20:38.000000', 'https://documentspatient.blob.core.windows.net/documentspatient/6.PNG', 6, 'Test add from all docs', 2, 2, NULL, 1);






INSERT INTO `document_medecin` (`medecin_id`, `document_id`) VALUES 
('3', '2');
